a,b,c,d,e,f,g,h,i,j,k,l,m,n,o,p,q,r,s,t,u,v,w,x,y,z
aalborg,bagdad,cairns,daca,edimburgo,fairbanks,gainesville,hagen,iliamna,jackson,kabul,la ceiba,maastricht,n'djamena,oakland,pago pago,qingdao,rabat,saarbrücken,tabriz,ube,vaasa,wabush,xiamen,yakima,zacatecas
aarhus,bagdad,cajamarca,dakar,edmonton,fargo,galena,haikou,indianápolis,jackson,kaduna,la crosse,macon,nadi,oaxaca,palembang,quebec,rabaul,sacramento,tabuk,ukiah,valdosta,waco,xi'an,yakutat,zagreb
abadán,bahía albert,calama,dalaman,eek,faro,garoua,hail,innsbruck,jacksonville,kagoshima,la grande,madison,nagasaki,oita,palermo,quetta,raleigh,saintdenis de la réunion,tacna,ulán bator,valencia,washington,,yamagata,zahedán
abakán,bakersfield,calcuta,dalian,eilat,fayetteville,gassim,hakodate,inuvik,jaipur,kahului,la habana,madrás,nagoya,okayama,palm springs,quinhagak,rangún,saipán,taegu,umea,valencia,washington,,yantai,zanzíbar
aberdeen,balmaceda,calgary,dallas,eindhoven,fayetteville,gauhati,halifax,ipoh,janesville,kailua,la paz,madrid,nairobi,okinawa,palma de mallorca,quito,rapid city,sal,taichung,unalakleet,valera,washington,,yellowknife,zaragoza
aberdeen,baltimore,cali,dallas,el paso,fez,gemena,hall beach,iqaluit,jersey,kalamazoo,la paz (méx.),magadán,nairobi,omaha,papeete,querétaro,rarotonga,salt lake city,taif,urumqi,valladolid,watson lake,,yinchuan,zaragoza
abha,baltimore,calicut,damasco,el salvador,fillmore,génova,hamburgo,iquique,jinan,kalispell,labuan,maiduguri,nanchang,ontario,paphos,quintana roo,recife,saltillo,taipéi,uagadugú,vancouver,wausau,,yurimaguas,zhanjiang
abilene,bamako,calvi,danville,elko,florencia,ginebra,hamilton,iron mountain,johannesburgo,kalskag,lae,majuro,nancy,orán,paramaribo,,red devil,salvador,taipéi,,västerås,wellington,,yuzhnosajalinsk,zhengzhou
abiyán,bandar abbas,cambridge bay,dar es salaam,ely,florencia,gladewater,hampton,isfahan,johor bahru,kaltag,lafayette,málaga,nanisivik,örebro,paramaribo,,redding,salzburgo,taiyuan,,växjö,wenatchee,,yibuti,zihuatanejo
abu dabi,bandar seri begawan,campo grande,darwin,enschede,flores,glasgow,hangzhou,isiro,jönköping,kanab,lagos,malé,nanjing,orlando,parís,,regina,san angelo,takamatsu,,venecia,west palm beach,,yakarta,zúrich
abuya,bangalore,canaima,dávao,entebbe,fort de francia,glasgow,hanoi,isla de pascua,juanjui,kananga,laguna beach,malmö,nanning,osaka,parís,,reikiavik,san antonio,talara,,venecia,westchester,,yakarta,
acapulco,bangkok,cancún,dayton,ercan,fort pierce,goma,hanover,islamabad,juba,kano,lahad datu,malongo,nantes,osaka,parís,,reno,san antonio,tallahassee,,venetie,whitehorse,,yakarta,
acarigua,bangor,cape girardeau,daytona beach,ereván,fort simpson,goodnew bay,harare,islas de scilly,juliaca,kansas city,lahore,malta,nantucket,osaka,parís,,resolute,san diego,tallin,,veracruz,wichita,,yeda,
acra,bangui,caracas,decatur,erfurt,fort smith,goose bay,harbin,islas de scilly,juneau,kansas city,lake charles,manado,napakiak,oshkosh,pasco,,riad,san francisco,tamanrasset,,vernal,wichita falls,,yucatán,
adana,banjul,cardiff,deer lake,erie,fort wayne,goroka,harlingen,islip,jalisco,kaohsiung,lanai city,managua,napaskiak,osijek,paso falso,,richmond,san francisco,tampa,,verona,wilmington,,,
adelaida,baotou,carlsbad,delhi,este londres,fort yukon,gotemburgo,harrisburg,ithaca,,karachi,langkawi,manaos,nápoles,oslo,pau,,riga,san josé,tampere,,victoria,windhoek,,,
adén,barbados,cartagena,delta,eugene,fortaleza,gran caimán,hartford,izmir,,karaganda,lansing,manchester,nápoles,oslo,pedernal,,riga,san juan,tanana,,viena,windhoek,,,
adís abeba,barcelona,carúpano,denver,evansville,fráncfort,gran canaria,hartford,izmir,,karup,lanzhou,manila,nashville,oslo,penang,,rímini,san juan,tánger,,vientián,windsor,,,
adler,barcelona,ciudad libre,des moines,evenes,fredericton,gran turk,hartford,izmir,,kasigluk,laredo,manzanillo,nassau,osorno,pensacola,,río caído,san luis potosí,tarapoto,,vieques,winnipeg,,,
agadir,bardufoss,casablanca,detroit,exeter,fresno,granada,hat yai,isla adak,,kassel,larnaca,maputo,natal,ostende,peoria,,río de janeiro,san pedro sula,taskent,,villahermosa,wrangell,,,
aguascalientes,baréin,casablanca,detroit,el cairo,friedrichshafen,grand forks,haugesund,isla de bali,,katmandú,las piedras,maracaibo,neuchâtel,ottawa,pereira,,río de janeiro,san petersburgo,tawau,,vilna,wuhan,,,
ahmedabad,bari,casper,detroit,estambul,fuchou,grand rapids,hay river,isla johnston,,kenai,las vegas,maribor,new bern,oxnard,perpiñán,,río de janeiro,san salvador,teesside,,vitoria,,,,
ajaccio,barinas,catania,detroit,estocolmo,fuerte chima,grande prairie,hefei,isla kauai,,kerman,las vegas,marietta,newburgh,,perryville,,río gallegos,san vicente,tegucigalpa,,vladivostok,,,,
akiachak,barquisimeto,cayena,detroit,estrasburgo,fuerte myers,grayling,helena,isla mahe,,ketchikan,launceston,marion,newcastle,,perth,,rioja,sanaa,teherán,,varsovia,,,,
akiak,barranquilla,cebú,detroit city,,fuerte nelson,graz,helsingborg,isla de santo tomé,,khabarovsk,lawton,marquette,newtok,,pescara,,roanoke,sand point,tel avivyafo,,,,,,
akita,barrow,cedar city,detroit city,,fuerte san juan,great falls,helsinki,isla san andrés,,kiev,le havre,marrakech,niamey,,peshawar,,roatán,sandakan,tel avivyafo,,,,,,
akron,basilea,cedar rapids,dhahran,,fukuoka,green bay,heraclión,isla st. george,,kiev,leeds,marsella,nightmute,,petersburg,,rochester,santa bárbara,temuco,,,,,,
albaha,basora,chachapoyas,dhahran,,funchal,greensboro,hermosillo,islas shemya,,kigali,leinster,marshall,niigata,,phnom penh,,rochester,santa cruz,tenerife,,,,,,
albany,bastia,chalkyits,dillingham,,filadelfia,greenville,hilo,islas shetland,,kilimanjaro,leipzig,martha’s vineyard,nîmes,,phoenix,,rockford,santa cruz,tenerife,,,,,,
albany,bastia,champaign,djerba,,florida,greenville,hiroshima,isla toronto,,killeen,lethbridge,mascate,ningbo,,phoenix,,rocky mount,santa lucía,tenerife,,,,,,
albuquerque,baton rouge,changchun,doha,,,greenville,hohhot,islas carolinas,,kimberley,lhasa,mashhad,niš,,phuket,,roma,santa lucía,terceira,,,,,,
aldea ártica,battle creek,changsha,dominica,,,grenoble,holy cross,,,kindu,libreville,mástil de señal,niza,,pierre,,roma,santa maría,terrace,,,,,,
alejandría,bay city,charleston,dominica,,,groningen,homer,,,king cover,lieja,matamoros,nome,,pisa,,roma,santiago,tesalónica,,,,,,
alejandrópolis,beaumont,charlotte,dothan,,,guadalajara,hong kong,,,king salm,lille,matsuyama,norfolk,,pittsburgh,,roosevelt,santiago de compostela,texarkana,,,,,,
alepo,beaver,chattanooga,dresde,,,guam,honolulu,,,kingston,lilongwe,maturín,norilsk,,piura,,roswell,santo domingo,thunder bay,,,,,,
alfujairah,beef island,chefornak,duala,,,guayaquil,hoolehua,,,kingston,lima,mauricio,norman wells,,platinum,,rota,santo domingo,tianjin,,,,,,
alicante,beira,cheju,dubái,,,guernesey,hooper bay,,,kinshasa,limoges,mayagüez,norrköping,,plymouth,,róterdam,santo tomé,tijuana,,,,,,
allakaket,beirut,chengdu,dublín,,,guilin,hoskins,,,kipnuk,lincoln,mazatlán,norwich,,pocatello,,ruan,sanya,timișoara,,,,,,
allentown,belém,chetumal,duluth,,,guiyang,houston,,,kiruna,linz,mbandaka,novosibirsk,,pohnpei,,ruby,são luís,tingo maría,,,,,,
alma ata,belfast,chevak,durango,,,gulfport,houston,,,kisangani,lisboa,mbuji mayi,nuakchot,,pointeàpitre,,russian mission,são paulo,tobago,,,,,,
alor setar,belfast,chiang mai,durango,,,gunnison,houston,,,klagenfurt,little rock,mcallen,nueva orleans,,pointenoire,,río blanco,são paulo,tokio,,,,,,
altoona,belgrado,chicago,durban,,,gwangju,hughes,,,knoxville,liverpool,mcgrath,nueva york,,ponce,,,são paulo,tokio,,,,,,
amarillo,belice,chicago,düsseldorf,,,guerrero,humberside,,,kochi,livingstone,medan,nueva york,,ponta delgada,,,são paulo,tokio,,,,,,
amberes,belice,chicago,dutch harbor,,,guanajuato,huntsville,,,kodiak,ljubljana,medellín,nueva york,,pori,,,sapporo,toksook bay,,,,,,
amchitka,bellingham,chicago,,,,guatemala,huslia,,,komatsu,lobito,medford,nueva york,,porlamar,,,sapporo,tokushima,,,,,,
ammán,belo horizonte,chichen itzá,,,,,hyannis,,,kongiganak,lomé,medina,nuevo laredo,,port vila,,,sapporo,toledo,,,,,,
amritsar,bengasi,chiclayo,,,,,hyderabad,,,koror,londres,meekatharra,nulato,,portland,,,sarasota,tongatapu,,,,,,
ámsterdam,bergen,chico,,,,,,,,kosrae,long beach,mekoryuk,numea,,portland,,,sault ste. marie,topeka,,,,,,
ámsterdam,berlín,chignik,,,,,,,,kota kinabalu,loreto,melbourne,numea,,porto,,,savannah,toronto,,,,,,
anchorage,berlín,chihuahua,,,,,,,,kotzebue,los ángeles,melbourne,nunapitchuk,,porto alegre,,,scammon bay,toronto,,,,,,
ancona,berlín,chisholm,,,,,,,,koyukuk,los ángeles,melbourne,núremberg,,porto velho,,,scranton,torreón,,,,,,
andahuaylas,berlín,chittagong,,,,,,,,krasnoyarsk,los mochis,melbourne,,,praga,,,seattle,tottori,,,,,,
anguila,bermudas,chongqing,,,,,,,,kristiansand,louisville,memphis,,,presque isle,,,sedona,toulon,,,,,,
aniak,berna,christchurch,,,,,,,,kuala lumpur,lourdes,mendoza,,,prince george,,,seldovia,toulouse,,,,,,
ankang,bethel,chuathbaluk,,,,,,,,kuching,luanda,mérida,,,prince rupert,,,sendai,toyama,,,,,,
ankara,bettles,cincinnati,,,,,,,,kumamoto,lubbock,mérida,,,providence,,,sepulot,traverse city,,,,,,
ankara,biak,ciudad del cabo,,,,,,,,kunming,lubumbashi,meridian,,,providenciales,,,seúl,trenton,,,,,,
annecy,biarritz,ciudad del carmen,,,,,,,,kuopio,lucknow,miami,,,prudhoe bay,,,sevilla,tricity,,,,,,
antalya,bilbao,cleveland,,,,,,,,kushiro,ludwigshafen,miami,,,pucallpa,,,seward,trieste,,,,,,
antananarivo,billings,cleveland,,,,,,,,kuujjuarapik,lugano,miami,,,puebla,,,shageluk,trípoli,,,,,,
antigua,billund,cochabamba,,,,,,,,kuwait,luleå,midland,,,puerto ayacucho,,,shanghái,trivandrum,,,,,,
antofagasta,binghamton,cochin,,,,,,,,kwajalein,lumid pau,midlands del este,,,puerto cabello,,,shannon,trombetas,,,,,,
anvik,bintulu,coeur d’alene,,,,,,,,kwethluk,lusaka,milán,,,puerto elizabeth,,,shantou,tromsø,,,,,,
aomori,birmingham,cold bay,,,,,,,,kwigillingok,luxemburgo,milán,,,puerto escondido,,,sharjah,trondheim,,,,,,
apia,birmingham,colima,,,,,,,,,luxor,milán,,,puerto españa,,,shenyang,trujillo,,,,,,
appleton,bisáu,college station,,,,,,,,,lyon,milán,,,puerto gentil,,,shenzhen,truk,,,,,,
aqaba,blantyre,colombo,,,,,,,,,,milán,,,puerto graham,,,shijiazhuang,tucson,,,,,,
arcata,bloemfontein,colonia,,,,,,,,,,milford,,,puerto harcourt,,,shiraz,tulsa,,,,,,
arecibo,bloomington,colorado springs,,,,,,,,,,milwaukee,,,puerto hedland,,,shreveport,tuluksak,,,,,,
arequipa,boa vista,columbia,,,,,,,,,,minatitlán,,,puerto heiden,,,sibu,tumbes,,,,,,
argel,bodø,columbia,,,,,,,,,,mineralnye vody,,,puerto libre,,,sídney,túnez,,,,,,
arica,bogotá,columbus,,,,,,,,,,minneapolis,,,puerto maldonado,,,simferópol,tuntutuliga,,,,,,
aruba,boise,columbus,,,,,,,,,,minot,,,puerto montt,,,singapur,tununak,,,,,,
ascensión,bolonia,columbus,,,,,,,,,,minsk,,,puerto moresby,,,singapur,turín,,,,,,
asheville,bombay,conakri,,,,,,,,,,miri,,,puerto ordaz,,,singapur,turku,,,,,,
ashikawa,bonaire,concepción,,,,,,,,,,missoula,,,puerto plata,,,sint maarten,tuscaloosa,,,,,,
ashland,boston,copenhague,,,,,,,,,,miyazaki,,,puerto príncipe,,,sioux falls,tuxtla gutiérrez,,,,,,
asmara,boulder,copenhague,,,,,,,,,,mobile,,,puerto vallarta,,,sitka,twin falls,,,,,,
asturias,bourlamaque,copiapó,,,,,,,,,,moline,,,punta arenas,,,sleetmute,tyler,,,,,,
asuán,bournemouth,córdoba,,,,,,,,,,mombasa,,,pusan,,,sofía,tabasco,,,,,,
asunción,bozeman,cork,,,,,,,,,,moncton,,,pyongyang,,,sokoto,tamaulipas,,,,,,
atenas,bradley,corning,,,,,,,,,,monroe,,,pekín,,,soldotna,texas,,,,,,
atlanta,brainerd,coro,,,,,,,,,,monrovia,,,padahuel,,,sonderborg,toluca,,,,,,
atlanta,brasilia,corpus christi,,,,,,,,,,monrovia,,,philadelphia,,,sondre strømfjord,,,,,,,
atlanta,bratislava,corpus christi,,,,,,,,,,montego bay,,,,,,south bend,,,,,,,
atlantic city,brazzaville,corpus christi,,,,,,,,,,monterrey,,,,,,springfield,,,,,,,
atlantic city,bremen,cotonú,,,,,,,,,,montevideo,,,,,,springfield,,,,,,,
atmautluak,brest,coyhaique,,,,,,,,,,montgomery,,,,,,st. george,,,,,,,
auckland,bridgeport,cozumel,,,,,,,,,,montpellier,,,,,,st. johns,,,,,,,
augusta,brisbane,crooked creek,,,,,,,,,,montreal,,,,,,st. kitts,,,,,,,
austin,bristol,cruzeiro do sul,,,,,,,,,,montreal,,,,,,st. louis,,,,,,,
ayacucho,brownsville,cuenca,,,,,,,,,,montreal,,,,,,st. mary’s,,,,,,,
amsterdam,bruselas,cuiabá,,,,,,,,,,morelia,,,,,,st. thomas,,,,,,,
arizona,bucaramanga,culebra,,,,,,,,,,moroni,,,,,,sta. cruz huatulco,,,,,,,
,bucarest,culiacán,,,,,,,,,,moroni,,,,,,stavanger,,,,,,,
,bucarest,cumaná,,,,,,,,,,moscú,,,,,,steamboat springs,,,,,,,
,bucarest,curazao,,,,,,,,,,moscú,,,,,,stevens village,,,,,,,
,budapest,curitiba,,,,,,,,,,moscú,,,,,,stockton,,,,,,,
,buenos aires,cuzco,,,,,,,,,,moscú,,,,,,stony river,,,,,,,
,buenos aires,cantón,,,,,,,,,,mount hagen,,,,,,stuttgart,,,,,,,
,buenos aires,ciudad de guatemala,,,,,,,,,,mulhouse,,,,,,sudbury,,,,,,,
,bulawayo,ciudad ho chi minh,,,,,,,,,,múnich,,,,,,sukhum,,,,,,,
,bundaberg,cataratas del iguazú,,,,,,,,,,münster,,,,,,sundsvall,,,,,,,
,burbank,ciudad de méxico,,,,,,,,,,muskegon,,,,,,surabaya,,,,,,,
,burdeos,cataratas del niágara,,,,,,,,,,myrtle beach,,,,,,suva,,,,,,,
,burlington,ciudad de oklahoma,,,,,,,,,,,,,,,,sverdlovsk,,,,,,,
,bushehr,ciudad de panamá,,,,,,,,,,,,,,,,syracuse,,,,,,,
,butte,california,,,,,,,,,,,,,,,,sonora,,,,,,,
,buyumbura,callao,,,,,,,,,,,,,,,,sinaloa,,,,,,,
,base aérea de eglin,campeche,,,,,,,,,,,,,,,,,,,,,,,
,bahía ivanoff,coahuila,,,,,,,,,,,,,,,,,,,,,,,
,baja california,,,,,,,,,,,,,,,,,,,,,,,,